Community,Coach
1,Fisher DeBerry
1,Richard Bell
1,Chuck Petersen
2,Troy Calhoun
2,Mike Shula
2,Jim Grobe
2,Brad Lambert
2,Tim DeRuyter
2,Brian Knorr
2,Mike Sherman
2,Bill Stewart
2,John Rudzinski
2,Joe Kines
2,Matt Wallerstedt
2,Chip West
2,Nick Toth
2,Dean Hood
2,Tim Billings
2,Clay Hendrix
2,Tim Horton
2,Blane Morgan
2,Mike Thiessen
2,David Rader
2,Jeff Mullen
2,Dave Schramm
2,Greg Gregory
2,Nolan Cromwell
2,Steed Lobotzke
3,Lee Owens
3,Jeff Quinn
3,Brian Kelly
3,Chuck Martin
3,Jeff Brohm
3,Shane Beamer
3,Bob Diaco
3,Clark Lea
3,Mike Sanford Jr.
3,Tyson Helton
3,Joe Palmisano
3,Joe Tresey
3,Lou Tepper
3,Mike Elston
3,Matt Pawlowski
3,John Hauser
3,Spence Nowinsky
3,Kerry Cooks
3,Anthony Poindexter
3,Nick Holt
3,Clayton White
3,Vincent Brown
3,Maurice Crum Jr.
3,Paul Winters
3,Greg Forest
3,Alex Wood
3,Chip Long
3,Eric Koehler
3,George Barnett
3,Tommy Rees
3,Brian Brohm
3,JaMarcus Shephard
3,Frank Verducci
3,David Raih
3,Junior Adams
3,Bryan Ellis
3,Ryan Aplin
3,Zach Kittley
4,J.D. Brookhart
4,Tom Herman
4,Paul Rhoads
4,Chris Klieman
4,Jerry Baldwin
4,Randy Edsall
4,Joe Moorhead
4,Walt Harris
4,David Bailiff
4,Jim Leavitt
4,Jim Fleming
4,Hank Hughes
4,Todd Orlando
4,Brian Stewart
4,Craig Naivar
4,Wally Burnham
4,Joe Klanderman
4,Tony Tademy
4,Keith Dudzinski
4,Chuck Driesbach
4,Chris Thurmond
4,Coleman Hutzler
4,Lou Spanos
4,Mike Toop
4,Kent Briggs
4,Billy Crocker
4,Jim Pry
4,Courtney Messingham
4,John Reagan
4,Larry Edmondson
4,Luke Getsy
4,Billy Lynch
4,Jerry Franks
4,Norries Wilson
4,Rob Ambrose
4,Frank Giufre
4,Mike Hobbie
5,Rob Ianello
5,Blake Anderson
5,Mike Jinks
5,Gary Crowton
5,Bronco Mendenhall
5,Gary Barnett
5,David Cutcliffe
5,Carl Pelini
5,Ron Zook
5,Cam Cameron
5,Les Miles
5,Ron Vanderlinden
5,Mike Locksley
5,Andy McCollum
5,Bo Pelini
5,Larry Fedora
5,Mike Gundy
5,Todd Monken
5,Phillip Fulmer
5,Curt Mallory
5,John Chavis
5,Joe Cauthen
5,David Duggan
5,Marcus White
5,Perry Eliano
5,Ken Schmidt
5,Jaime Hill
5,Nick Howell
5,Glenn Spencer
5,Tom McMahon
5,Vince Okruch
5,Jim Knowles
5,Ben Albert
5,Matt Guerrieri
5,Pete Rekstis
5,Dan Disch
5,James Bell
5,Wally Ake
5,Todd Bradford
5,Brian Williams
5,Miles Aldridge
5,Steve Davis
5,John Papuchis
5,Bill Clay
5,Don Lindsey
5,Kelly Poppinga
5,John Latina
5,Glen Elarbee
5,Keith Heckendorf
5,Andy Padron
5,Kevin Kilmer
5,Mike Borich
5,Robbie Bosco
5,Robert Anae
5,Brandon Doman
5,Shawn Watson
5,Kurt Roper
5,Zac Roper
5,Jeff Faris
5,Re'quan Boyette
5,Randy Sanders
5,Hal Hunter
5,Brent Dearmon
5,Greg Adkins
5,Bob Heffner
5,Tim Beck
5,Mike Degory
5,Chris Kapilovic
5,Gunter Brewer
5,Trooper Taylor
5,Mike Yurcich
6,Terry Bowden
6,Tom Arth
6,Houston Nutt
6,Hugh Freeze
6,Ted Roof
6,Paul Johnson
6,Ken Niumatalolo
6,Chuck Amato
6,Matt Luke
6,Bill O'Brien
6,Ken Hatfield
6,Don Nehlen
6,Matt Feeney
6,Bobby Allen
6,Dave Wommack
6,Reggie Herring
6,Scott Brown
6,Scott Symons
6,Steve Dunlap
6,Buddy Green
6,Dale Pehrson
6,Brian Newberry
6,Wesley McGriff
6,Jason Jones
6,John Butler
6,Roger Hinshaw
6,Zac Alley
6,A.J. Milwee
6,Tommy Zagorski
6,Bryan Gasser
6,David Lee
6,Marty Galbraith
6,Kent Austin
6,Maurice Harris
6,Dan Werner
6,Ivin Jasper
6,Marc Trestman
6,Mike Markuson
6,Scott Wachenheim
7,Mike DuBose
7,Rich Rodriguez
7,Todd Graham
7,Chad Morris
7,Gus Malzahn
7,Kevin Steele
7,Dabo Swinney
7,Mel Tucker
7,Steve Spurrier
7,Mike Norvell
7,Shawn Elliott
7,Lovie Smith
7,Mark Hudspeth
7,Billy Napier
7,Steve Kragthorpe
7,Sylvester Croom
7,Jeff Scott
7,Ellis Johnson
7,Chip Lindsey
7,Paul Wulff
7,Jeff Casteel
7,Paul Randolph
7,Ron West
7,Chris Ball
7,Keith Patterson
7,Charlie Harbison
7,Brick Haley
7,Ron Roberts
7,Marion Hobby
7,Jon Hoke
7,Adam Fuller
7,Lorenzo Ward
7,Nate Fuqua
7,Jacob Yoro
7,Victor Santa Cruz
7,Hardy Nickerson
7,James Willis
7,Melvin Smith
7,Mike Lucas
7,Patrick Toney
7,Van Malone
7,Brandon Hall
7,Mark Nelson
7,Travis Williams
7,Jody Sears
7,Charlie Stubbs
7,Calvin Magee
7,Rod Smith
7,Joe Craddock
7,Rhett Lashlee
7,Dameyune Craig
7,Kodi Burns
7,Kenny Dillingham
7,Greg Meyer
7,Tony Elliott
7,Jay Johnson
7,Travis Trickett
7,Brad Glenn
7,G.J. Kinne
7,Tony Hull
7,Bo Graham
7,Jorge Munoz
7,Rob Sale
7,Michael Desormeaux
7,Tim Leger
7,Woody McCorvey
7,Steve Spurrier Jr.
7,Steve Buckley
7,Herb Hand
7,Ryan Pugh
7,Luke Meadows
7,Tim Harris Jr.
7,Todd Sturdy
8,Dennis Franchione
8,Urban Meyer
8,Dino Babers
8,John Thompson
8,Dan Mullen
8,Geoff Collins
8,Sean Lewis
8,Charlie Strong
8,Carl Torbush
8,Lou Holtz
8,Gary Darnell
8,Kim McCloud
8,Brian Ward
8,Chris Wilson
8,Teryl Austin
8,Todd Grantham
8,Andrew Thacker
8,Nathan Burton
8,Tom Kaufman
8,Vance Bedford
8,Taver Johnson
8,Ken Browning
8,Tony White
8,Brian Jean-Mary
8,J.C. Harper
8,Les Koenning
8,Matt Mattox
8,Sterlin Gilbert
8,Mike Lynch
8,Billy Gonzales
8,John Hevesy
8,Dave Patenaude
8,Ed Warinner
8,Brian Rock
8,Andrew Sowder
8,Joe Wickline
8,Jeff Conway
8,Kerwin Bell
9,Nick Saban
9,Joe Hollis
9,Dave Clawson
9,Jim McElwain
9,Lane Kiffin
9,Bobby Bowden
9,Jimbo Fisher
9,Jim Donnan
9,Kirby Smart
9,Tommy West
9,Jackie Sherrill
9,Joe Tiller
9,Jeremy Pruitt
9,Steve Sarkisian
9,Clay Helton
9,Tosh Lupoi
9,Pete Golding
9,Charles Kelly
9,Leon Burtnett
9,Mike Elko
9,Shannon Morrison
9,Clancy Pendergast
9,Al Simmons
9,Chris Kiffin
9,Ron Cooper
9,Chris Rumph
9,Mickey Andrews
9,Gary Gibbs
9,Dan Lanning
9,Glenn Schumann
9,Rick Whitt
9,Joe Lee Dunn
9,Rick Kravitz
9,Tim Walton
9,Kenny Ingram
9,Chris Partridge
9,Brock Spack
9,Kevin Sherrer
9,Monte Kiffin
9,Derrick Ansley
9,Jeff Choate
9,Lyle Hemphill
9,Joe Pendry
9,Doug Nussmeier
9,Brian Daboll
9,Jim Chaney
9,Randy Fichtner
9,Phil Davis
9,Warren Ruggiero
9,Charlie Frye
9,Kevin Barbay
9,Charlie Weis Jr.
9,James Coley
9,Ed Zaunbrecher
9,Jeff Bowden
9,Lawrence Dawsey
9,Sparky Woods
9,Graham Harrell
9,Jay Graham
9,Kennedy Polamalu
9,Tee Martin
10,Scott Satterfield
10,Shawn Clark
10,Jeff Monken
10,Pete Lembo
10,Mike Neu
10,Butch Davis
10,Darrell Hazell
10,Bob Pruett
10,Everett Withers
10,David Elson
10,Tim Lester
10,Nate Woody
10,Bryan Brown
10,Dale Jones
10,Jay Bateman
10,John Loose
10,Greg Gasparato
10,Shiel Wood
10,Kevin Kelly
10,Tim Daoust
10,Tyler Stockton
10,Jeff Copp
10,Jerod Kruse
10,Cort Dennison
10,Bill Wilt
10,Chuck Pagano
10,Lou Esposito
10,Dwayne Ledford
10,Frank Ponce
10,Brent Davis
10,Rich Skrosky
10,Joey Lynch
10,Kevin Lynch
10,Andrew Breiner
10,John Shoop
10,Adrian Mayes
10,Brett Elliott
10,Kevin Wright
10,Walt Wells
10,Jake Moreland
10,Bill Kenney
10,Eric Evans
10,Mike Bath
11,Eliah Drinkwitz
11,Bret Bielema
11,Bill Lynch
11,Maurice Linguist
11,Dan Enos
11,Charlie Partridge
11,Terry Hoeppner
11,Matt Campbell
11,Paul Haynes
11,Matt Canada
11,Shane Montgomery
11,P.J. Fleck
11,Dave Doeren
11,Rod Carey
11,Paul Chryst
11,Greg Schiano
11,Kyle Flood
11,Chris Ash
11,Jason Candle
11,Bobby Hauck
11,Ron McBride
11,Mick Dennehy
11,Robb Smith
11,Bob Bartolomeo
11,Jay Hood
11,Joe Tumpkin
11,Roc Bellantoni
11,Brian George
11,Joe Palcic
11,Jon Heacock
11,Ben Needham
11,Jeff Burrow
11,Ed Pinkham
11,Jon Wauford
11,Joe Rossi
11,Joe Harasymiak
11,Steve Wilks
11,Dave Huxtable
11,Jay Niemann
11,Jeff Knowles
11,Paul Ferraro
11,Bob Fraser
11,Noah Joseph
11,Tom Matukewicz
11,Vince Kehres
11,Kraig Paulson
11,J.D. Williams
11,Tim Hauck
11,David Kotulski
11,Jim Leonhard
11,Ted Huber
11,Rich Spisak
11,Mike Cummings
11,Brian Wright
11,Drew Mehringer
11,Tom Manning
11,Greg Seamon
11,Kirk Ciarrocca
11,Matt Simon
11,Des Kitchings
11,Timm Rosenbach
11,Bob Cole
11,Mike Uremovich
11,Sean Gleeson
11,Craig Ver Steeg
11,John McNulty
11,Ben McDaniels
11,Mike Hallett
11,Robert Weiner
11,Rob Phenicie
11,Brent Myers
11,Joe Rudolph
12,Dick Tomey
12,Rick Minter
12,Mike Riley
12,Buddy Teevens
12,Keith Burns
12,A.J. Christoff
12,Mark Criner
12,Mike Kolakowski
12,Mark Banker
12,Dave Fipp
12,Tom Williams
12,Jeff McInerney
12,Joe Daniels
12,Danny Langsdorf
12,John Garrett
12,Ken Margerum
12,Steve Morton
12,David Kelly
12,Jim Gilstrap
12,Dan Lounsbury
13,John Mackovic
13,Will Muschamp
13,Major Applewhite
13,Kirk Ferentz
13,Charlie Weis
13,Michael Haywood
13,Mack Brown
13,Duane Akina
13,Larry Mac Duff
13,Dan Quinn
13,Clay Jennings
13,Norm Parker
13,Phil Parker
13,Dave Campo
13,Carl Reese
13,Tommy Thigpen
13,Corwin Brown
13,Travaris Robinson
13,Rick Dykes
13,Mike Deal
13,Peter Vaas
13,Ken O'Keefe
13,Greg Davis
13,Brian Ferentz
13,Phil Longo
13,Bryan McClendon
13,Darrell Wyatt
14,Mike Stoops
14,Tom Holmoe
14,Jon Embree
14,Ruffin McNeill
14,Chris Creighton
14,Kalen DeBoer
14,Chan Gailey
14,Kevin Wilson
14,Mark Stoops
14,Larry Coker
14,Randy Shannon
14,Jerry Kill
14,Tracy Claeys
14,Mike Leach
14,John Cooper
14,Bob Stoops
14,Lincoln Riley
14,Josh Heupel
14,Joe Glenn
14,Greg Brown
14,William Inge
14,Lyle Setencich
14,Rick Smith
14,Brent Venables
14,D.J. Eliot
14,Brian Mitchell
14,Brad McCaslin
14,Neal Neathery
14,Matt House
14,Jon Tenuta
14,Doug Mallory
14,Mike Ekeler
14,Brad White
14,Zach Arnett
14,Alex Grinch
14,Mike Breske
14,Darcel McBath
14,Bill Bedenbaugh
14,Steve Hagen
14,Eddie Gran
14,Eric Bieniemy
14,Dave Nichol
14,Aaron Keen
14,Buddy Geis
14,Patrick Nix
14,Kevin Johns
14,Greg Frey
14,Darin Hinshaw
14,Liam Coen
14,Rob Chudzinski
14,Matt Limegrover
14,Chuck Stobart
14,Cale Gundy
14,Jeff Lebby
14,Alex Golesh
14,Anthony Tucker
14,Kevin Brown
14,Bob Cockhill
15,Kevin Sumlin
15,June Jones
15,Tony Levine
15,Dana Holgorsen
15,Mark Snyder
15,Joe Paterno
15,Mike Cavan
15,Jake Spavital
15,Kliff Kingsbury
15,Jim L. Mora
15,Marcel Yates
15,David Gibbs
15,Kevin Lempa
15,George Lumpkin
15,Jerry Glanville
15,Tom Mason
15,Doug Belk
15,Jim Collins
15,Tony Gibson
15,Tom Bradley
15,Archie McDaniel
15,Zac Spavital
15,Mike Smith
15,Jeff Ulbrich
15,Joe DeForest
15,Noel Mazzone
15,Jason Phillips
15,Mike Nesbitt
15,Travis Bush
15,Brandon Jones
15,Marquel Blackwell
15,Shannon Dawson
15,Larry Kueck
15,Fran Ganter
15,Galen Hall
15,Dan Morrison
15,Clarence McKinney
15,Jacob Peeler
15,Eric Morris
15,Clay McGuire
16,Jedd Fisch
16,Bruce Snyder
16,Matt Rhule
16,Ron English
16,Ron Prince
16,Al Golden
16,Bobby Wallace
16,John Robinson
16,Al Groh
16,Phil Snow
16,Eric Lewis
16,Mark D'Onofrio
16,Raheem Morris
16,Mike Bradeson
16,Raymond Monica
16,Brennan Carroll
16,Glenn Thomas
16,Jeff Nixon
16,Ken Karcher
16,Dave Brock
16,Marcus Satterfield
16,Charlie Fisher
16,Willie Slater
16,Rob Boras
16,Vince Alcalde
16,Mike Groh
17,Dirk Koetter
17,John Bonamego
17,Dean Pees
17,Bobby Williams
17,Randy Walker
17,Pat Fitzgerald
17,R.C. Slocum
17,Bill Blankenship
17,Brent Guy
17,Bill Miller
17,Greg Colby
17,Mike Hankwitz
17,Mike Dietzel
17,Jerry Brown
17,Jim O'Neil
17,Mark Johnson
17,Mick McCall
17,Mike Dunbar
17,Morris Watts
17,Chris Ostrowsky
17,Greg Peterson
17,Mike Drake
17,Denver Johnson
17,Mike Santiago
18,Dennis Erickson
18,Mike MacIntyre
18,Ryan Silverfield
18,Tyrone Willingham
18,Jonathan Smith
18,Tony Sanchez
18,Craig Bray
18,Kent Baer
18,Tim Tibesar
18,Tim Skipper
18,Ed Donatell
18,Rich Olson
18,Brian Lindgren
18,Darrin Chiaverini
18,Klayton Adams
18,Barney Cotton
18,Bill Diedrick
18,Tim Lappano
18,Tim Landis
18,John DeFilippo
18,Garin Justice
19,Herm Edwards
19,Sam Pittman
19,Art Briles
19,Jeff Hafley
19,Pat Hill
19,Mark Mangino
19,David Beaty
19,Justin Fuente
19,Barry Odom
19,Darrell Dickey
19,Todd Dodge
19,Dave Wannstedt
19,Phil Bennett
19,Gary Patterson
19,Philip Montgomery
19,Paul Hackett
19,Marvin Lewis
19,Brian Norwood
19,Tem Lukabu
19,Kevin Coyle
19,Dan Brown
19,Randy Stewart
19,Dick Bumpas
19,Ron Harris
19,Alan Weddell
19,Ryan Walters
19,Bill Young
19,Clint Bowen
19,Kenny Perry
19,Galen Scott
19,DeMontie Cross
19,Gary DeLoach
19,Kenny Evans
19,Fred Bleil
19,Ron Mendoza
19,Jim Gush
19,Chad Glasgow
19,Joseph Gillespie
19,Justin Hamilton
19,Rob Likens
19,Kendal Briles
19,Randy Clements
19,Frank Cignetti Jr.
19,Rusty Burns
19,Doug Meacham
19,Mike Schultz
19,Nick Quartaro
19,Brad Cornelsen
19,Ramon Flanigan
19,Todd Ford
19,Matt Cavanaugh
19,Jarrett Anderson
19,Sonny Cumbie
19,Curtis Luper
19,Hue Jackson
20,Bobby Petrino
20,Skip Holtz
20,Scottie Montgomery
20,Ron Turner
20,Glen Mason
20,Larry Smith
20,Bob Simmons
20,Bobby Wilder
20,Ron Caragher
20,Greg Robinson
20,Garrick McGee
20,Willy Robinson
20,Greg Hudson
20,Kenwick Thompson
20,David Blackwell
20,Mike Cassity
20,Mike Mallory
20,Blake Baker
20,Mike Gillhamer
20,Kevin Wolthausen
20,Moe Ankney
20,David Lockwood
20,Rich Nagy
20,Grady Brown
20,Steve Russ
20,Derrick Jackson
20,Reggie Johnson
20,Tony Petersen
20,Paul Petrino
20,Todd Fitch
20,Steve Shankweiler
20,Joe Sloan
20,Lonnie Galloway
20,Mike Summers
20,Mitch Browning
20,Andy Hill
20,Brian Scott
20,Ron Whitcomb
20,Jimmie Dougherty
20,Brian Pariani
21,John L. Smith
21,Rich Ellerson
21,Dave Aranda
21,Gregg Brandon
21,Kalani Sitake
21,Ed Orgeron
21,Gary Pinkel
21,Rocky Long
21,Danny Gonzales
21,Gary Andersen
21,Dave Baldwin
21,Brent Brennan
21,Matt Wells
21,Bob Toledo
21,Kyle Whittingham
21,Derek Mason
21,Dave Christensen
21,Chris Smeland
21,Payam Saadat
21,Mike Ward
21,Ilaisa Tuiaki
21,Marty English
21,Kevin Clune
21,Daronte Jones
21,Matt Eberflus
21,Dave Steckel
21,Osia Lewis
21,Bill Busch
21,Paul Arslanian
21,Derrick Odum
21,Jason Tarver
21,O'Neill Gilbert
21,Bobby Field
21,John Pease
21,Morgan Scalley
21,Frank Maile
21,Kendrick Shaver
21,Justin Ena
21,Stacy Collins
21,Ian Shields
21,Steve Ensminger
21,Jeff Grimes
21,Greg Studrawa
21,Ty Detmer
21,Aaron Roderick
21,Andy Ludwig
21,Brian Johnson
21,Scott Linehan
21,Jake Peetz
21,Jeff Horton
21,David Yost
21,Josh Henson
21,Dan Dodd
21,Derek Warehime
21,Bodie Reeder
21,Kevin McGiven
21,T.J. Woods
21,Steve Graf
21,Greg Davis Jr.
21,Kelly Skipper
21,Jim Harding
21,Troy Taylor
21,Luke Wells
21,Jovon Bouknight
22,Steve Roberts
22,Willie Fritz
22,Will Hall
22,Jack Curtis
22,Kevin Corless
22,Austin Armstrong
22,Chris Hampton
22,Doug Ruse
23,Bryan Harsin
23,Dan Hawkins
23,Chris Petersen
23,Andy Avalos
23,Jeff Tedford
23,Justin Wilcox
23,Scott Frost
23,Mike Bellotti
23,Chip Kelly
23,Mark Helfrich
23,Jimmy Lake
23,Bob Gregory
23,Ron Collins
23,Pete Kwiatkowski
23,Jeff Schmedding
23,Spencer Danielson
23,Kane Ioane
23,Peter Sirmon
23,Jerry Azzinaro
23,Orlondo Steinauer
23,Bert Watts
23,Erik Chinander
23,Nick Aliotti
23,Don Pellum
23,Ikaika Malloe
23,Zak Hill
23,Bush Hamdan
23,Robert Prince
23,Scott Huff
23,Eric Kiesau
23,Tim Plough
23,George Cortez
23,Jim Michalczik
23,Beau Baldwin
23,Bill Musgrave
23,Troy Walters
23,Matt Lubick
23,Justin Frye
24,Butch Jones
24,Mike DeBord
24,Don Strock
24,Tim Beckman
24,Rickey Bustle
24,Ricky Rahne
24,James Franklin
24,Frank Beamer
24,John Milligan
24,Bart Bartolomeo
24,John Jancek
24,Tim Banks
24,Bernard Clark
24,Kevin Fouquier
24,Blake Seiler
24,Brent Pry
24,Bob Shoop
24,Paul Nichols
24,Bud Foster
24,Mike Bajakian
24,Greg Briner
24,Chris Beatty
24,Rob Christophel
24,Troy Wingerter
24,Kirk Campbell
24,John Donovan
24,Tyler Bowen
24,Larry Scott
24,Bryan Stinespring
25,Todd Berry
25,Guy Morriss
25,Carl Franks
25,Mike Houston
25,Howard Schnellenberger
25,Bobby Keasler
25,Charlie Weatherbie
25,Matt Viator
25,Charley Molnar
25,Seth Littrell
25,Danny Hope
25,Mike Sanford Sr.
25,Gary Nord
25,Sean Kugler
25,Dennis Therrell
25,Bob Trott
25,Bill Bradley
25,Larry Hoefer
25,Blake Harrell
25,Kirk Hoza
25,Kurt Van Valkenburgh
25,Vic Shealy
25,John Goodner
25,Mike Collins
25,Kim Dameron
25,Manny Michel
25,Phil Elmassian
25,Troy Reffett
25,Adam Waugh
25,Scott Stoker
25,Donn Landholm
25,Gary Emanuel
25,Kurt Barber
25,Bob Wagner
25,John Bond
25,Brent Pease
25,Lee Hays
25,Noah Brindise
25,Donnie Kirkpatrick
25,Darryl Jackson
25,Roger Carr
25,Stan Humphries
25,Tommy Condell
25,Nate Kaczor
25,Steve Farmer
25,Matt Kubik
25,Eman Naghavi
25,Gene McKeehan
25,Mike Vaught
25,Tommy Mainord
25,Mike Bloesch
25,Gary Bernardi
25,Patrick Higgins
26,Bobby Ross
26,Stan Brock
26,John Mumford
26,Kevin Ross
26,Tim Walsh
27,Tommy Tuberville
27,Gene Chizik
27,Brady Hoke
27,Stan Parrish
27,Tommy Bowden
27,Gerry DiNardo
27,Steve Campbell
27,Larry Blakeney
27,Neal Brown
27,Watson Brown
27,Mike Kruczek
27,Vic Koenning
27,Tim Kish
27,John Lovett
27,Mark Smith
27,Doug Graber
27,Robert Prunty
27,Steve Clinkscale
27,Greg Mattison
27,Joe Cullen
27,Wayne Bolt
27,Greg Stewart
27,Kurt Mattix
27,Jeremy Rowell
27,Ricky Logo
27,Mike Pelton
27,Rick Christophel
27,Bill D'Ottavio
27,Jordan Lesley
27,ShaDon Brown
27,Hugh Nall
27,Al Borges
27,Ed Stults
27,Eddie Faulkner
27,Zac Taylor
27,Brad Scott
27,Mike O'Cain
27,Rob Spence
27,Robert McFarland
27,Jeff Hecklinski
27,Kenny Edenfield
27,Mark Fleetwood
27,Matt Moore
27,Sean Reagan
27,Pat Sullivan
27,Chad Scott
27,Gerad Parker
28,Tom O'Brien
28,Jeff Jagodzinski
28,Frank Spaziani
28,Joe Moglia
28,Jamey Chadwell
28,Steve Logan
28,Jeff Woodruff
28,Trent Miles
28,Doug Martin
28,Rich Brooks
28,Joker Phillips
28,John Bunting
28,Tom Amstutz
28,George Welsh
28,Bill McGovern
28,Mickey Matthews
28,Marvin Sanders
28,Chad Staggs
28,Tim Rose
28,Billy Harris
28,Jesse Minter
28,Mike Archer
28,Steve Brown
28,Larry Coyer
28,Zane Vance
28,John Gutekunst
28,Lou West
28,Rick Lantz
28,Dana Bible
28,Gary Tranquill
28,Newland Isaac
28,Willy Korn
28,Pete Alamar
28,Luke Huard
28,A.J. Pratt
28,John Shannon
28,Chris Hedden
29,Steve Addazio
29,Scot Loeffler
29,Willie Taggart
29,Mario Cristobal
29,Greg McMackin
29,Nick Rolovich
29,Doc Holliday
29,Charles Huff
29,D.J. Durkin
29,Walt Bell
29,Lloyd Carr
29,Jim Harbaugh
29,Brian Polian
29,Ryan Day
29,Mike Bloomgren
29,David Shaw
29,Paul Pasqualoni
29,Marcus Arroyo
29,Don Brown
29,Jim Reid
29,Anthony Campanile
29,Andy Buh
29,Chuck Heater
29,Phil Galiano
29,Cal Lee
29,Legi Suiaunoa
29,Corey Batoon
29,Chris Rippon
29,J.C. Price
29,Lance Guidry
29,Jimmy Brumbaugh
29,Aazaar Abdul-Rahim
29,Tommy Restivo
29,Jim Herrmann
29,Mike Macdonald
29,Ken Wilson
29,Bill Teerlinck
29,Scott Boone
29,Kerry Coombs
29,Joe Salave'a
29,Keith Heyward
29,Brian Smith
29,Ron Lynn
29,Vic Fangio
29,Lance Anderson
29,Peter Hansen
29,Raymond Woodie
29,Jake Dickert
29,Josh Gattis
29,Terry Malone
29,Jon Budmayr
29,Clint Trickett
29,Bill Legg
29,Tim Cramsey
29,Michael Johnson
29,Ron Lee
29,Todd Goebbel
29,Angelo Mirando
29,Tim Drevno
29,Sherrone Moore
29,David Reaves
29,Jerry Mack
29,Marques Tuiasosopo
29,Pep Hamilton
29,Tavita Pritchard
29,George DeLeone
29,T.J. Weist
29,Darren Hiller
29,Craig Stutzmann
29,Zach Azzanni
30,Gary Blackney
30,Turner Gill
30,George O'Leary
30,Dana Dimel
30,Dan McCarney
30,Terry Allen
30,Bill Snyder
30,Ralph Friedgen
30,Chuck Long
30,Jimmy Williams
30,Fred Reed
30,Bradley Dale Peveto
30,John Skladany
30,Ardell Wiegandt
30,Tom Hayes
30,Buddy Wyatt
30,Bob Elliott
30,Chris Cosh
30,Vantz Singletary
30,Jon Skladany
30,Lance Thompson
30,Chuck Bresnahan
30,Mike Cox
30,Mike Canales
30,Tom Lichtenberg
30,Gerald Carr
30,Tim Salem
30,Clancy Barone
30,Steve Loney
30,Steve Brickey
30,Bill Salmon
30,Ron Hudson
30,Del Miller
30,Andre Coleman
30,Charlie Dickey
30,Collin Klein
30,Joe Dailey
30,Charlie Taaffe
30,Brent Key
31,Craig Cirbus
31,Joe Reich
31,Charlie Donner
32,Jim Hofher
32,Karl Dorrell
32,Sonny Lubick
32,Steve Fairchild
32,Frank Solich
32,Tony Samuel
32,DeWayne Walker
32,Tim Albin
32,Ted Tollner
32,Mike London
32,Craig Bohl
32,Thurmond Moore
32,Tom Jones
32,Larry Kerr
32,Steve Stanard
32,Scottie Hazelton
32,Jay Sawvel
32,Ross Els
32,Dale Lindsey
32,Jim Burrow
32,Pete Germano
32,Ken Delgado
32,Bill Lazor
32,Roy Istvan
32,Dan Hammerschmidt
32,John Benton
32,Dave Lay
32,Pat Meyer
32,Scott Isphording
32,Gerry Gdowski
32,Jerry McManus
32,Allen Rudolph
32,Steve Axman
32,Tom Cable
32,Jim Svoboda
32,Brent Vigen
32,Tim Polasek
33,Lance Leipold
33,Brian Borland
33,Chris Simpson
33,Andy Kotelnicki
34,LaVell Edwards
34,Lance Reynolds
34,Roger French
35,Sonny Dykes
35,Mike Bobo
35,Mark Richt
35,Tyson Summers
35,Bill Cubit
35,Derek Dooley
35,Rip Scherer
35,Larry Porter
35,Manny Diaz
35,Rick Stockstill
35,Chris Ault
35,Joe Novak
35,Jeff Bower
35,Jay Hopson
35,Doug Marrone
35,Scott Shafer
35,Chris Scelfo
35,Neil Callaway
35,Frank Wilson
35,Jeff Traylor
35,Brian VanGorder
35,Art Kaufman
35,Tony Pecoraro
35,Willie Martinez
35,Lorenzo Costantini
35,Mike Phair
35,Tommy Spangler
35,Ephraim Banda
35,Randall McCray
35,Steve Ellis
35,Tyrone Nix
35,Barry Sacks
35,Nigel Burton
35,Denny Doornbos
35,Kevin Kane
35,Dave Cohen
35,Eric Schumann
35,Derek Nicholson
35,Chuck Bullough
35,Sal Sunseri
35,Pete McGinnis
35,Jason Rollins
35,Jess Loepp
35,Rod Wright
35,Steve Morrison
35,Roy Wittke
35,Buster Faulkner
35,Tony Franklin
35,Will Friend
35,Dave Johnson
35,Brian Schottenheimer
35,David Dean
35,Rance Gillespie
35,Bryan Cook
35,Frank Scelfo
35,Chris Klenakis
35,Blake Miller
35,Thomas Brown
35,Ron Dugans
35,Dan Roushar
35,G.A. Mangus
35,Willie Simmons
35,George McDonald
35,A.J. Ricker
35,Garrett Riley
35,Scotty Walden
35,Nathaniel Hackett
35,Kim Helton
35,Jeff Kastl
35,Ryan Cubit
36,Will Healy
36,Brandon Cooper
36,Marcus West
36,Alex Atkins
36,Mark Carney
37,Mark Dantonio
37,Luke Fickell
37,Jeff Genyk
37,Jack Bicknell Jr.
37,Mark Whipple
37,Don Treadwell
37,Jim Tressel
37,Pat Narduzzi
37,Marcus Freeman
37,Mike Tressel
37,Jay Peterson
37,Josh Conklin
37,Harlon Barnett
37,Tom Masella
37,Randy Bates
37,George Darlington
37,Jim Heacock
37,Mike Denbrock
37,Howard Feggins
37,Dave Warner
37,Conroy Hines
37,John Klacik
37,Jim Bollman
37,Brad Salem
38,Chad Lunsford
38,Hal Mumme
38,Tim Brewster
38,Bill Callahan
38,Chris Tormey
38,Jay Norvell
38,Bob Davie
38,Thomas Hammock
38,Fitz Hill
38,Woody Widenhofer
38,Barry Alvarez
38,Kevin Cosgrove
38,Scot Sloan
38,Mike Major
38,Robert Wimberly
38,Ronnie Lee
38,Jeff Mills
38,Jordan Peterson
38,Chris Wilkerson
38,Herb Paterra
38,Kevin Rogers
38,Bob DeBesse
38,Phil Earley
38,Matt Mumme
38,Gary Goff
38,Eric Eidsness
38,Norman Joseph
38,Charlie Roche
38,Barry Lunney Jr.
38,Brian White
38,Steve Crosby
39,Norm Chow
39,Tom Craft
39,Curtis Johnson
39,Rick Neuheisel
39,Pete Carroll
39,Mike Price
39,Keith Gilbertson
39,Bill Doba
39,Robb Akey
39,Thom Kaumeyer
39,Jon Sumrall
39,Lionel Washington
39,Rocky Seto
39,Tim Hundley
39,Andre Patterson
39,John Pettas
39,Tommy Lee
39,Aaron Price
39,Don Bailey
39,Eric Price
39,John Morton
39,Bob Connelly
39,Brian Natkin
39,John McDonell
39,Mike Levenseller
40,Tom Allen
40,Joey Jones
40,Kane Wommack
40,Bill Clark
40,Mark Hagen
40,Kevin Peoples
40,Charlton Warren
40,Travis Pearson
40,Brian Turner
40,Duwan Walker
40,David Reeves
40,Grant Heard
40,Nick Sheridan
40,Robert Matthews
40,Bryant Vincent
40,Richard Owens
41,Terry Shea
41,Dennis Creehan
42,Bobby Johnson
42,Robbie Caldwell
42,Jamie Bryant
42,Bruce Fowler
42,Ted Cain
42,Jimmy Kiser
43,Jim Caldwell
43,Theo Lemon
43,Tony Pierce
43,Eddie Williamson
