"","Coach","Race"
"1","Fisher DeBerry","White"
"2","Troy Calhoun","White"
"3","Lee Owens","White"
"4","J.D. Brookhart","White"
"5","Rob Ianello","White"
"6","Terry Bowden","White"
"7","Tom Arth","White"
"8","Mike DuBose","White"
"9","Dennis Franchione","White"
"10","Mike Shula","White"
"11","Nick Saban","White"
"12","Scott Satterfield","White"
"13","Eliah Drinkwitz","White"
"14","Shawn Clark","White"
"15","Dick Tomey","White"
"16","John Mackovic","White"
"17","Mike Stoops","White"
"18","Rich Rodriguez","White"
"19","Kevin Sumlin","Black"
"20","Jedd Fisch","White"
"21","Bruce Snyder","White"
"22","Dirk Koetter","White"
"23","Dennis Erickson","White"
"24","Todd Graham","White"
"25","Herm Edwards","Black"
"26","Houston Nutt","White"
"27","Bobby Petrino","White"
"28","John L. Smith","White"
"29","Bret Bielema","White"
"30","Chad Morris","White"
"31","Sam Pittman","White"
"32","Joe Hollis","White"
"33","Steve Roberts","White"
"34","Hugh Freeze","White"
"35","Gus Malzahn","White"
"36","Bryan Harsin","White"
"37","Blake Anderson","White"
"38","Butch Jones","White"
"39","Todd Berry","White"
"40","Bobby Ross","White"
"41","Stan Brock","White"
"42","Rich Ellerson","White"
"43","Jeff Monken","White"
"44","Tommy Tuberville","White"
"45","Gene Chizik","White"
"46","Bill Lynch","White"
"47","Brady Hoke","White"
"48","Stan Parrish","White"
"49","Pete Lembo","White"
"50","Mike Neu","White"
"51","Kevin Steele","White"
"52","Guy Morriss","White"
"53","Art Briles","White"
"54","Jim Grobe","White"
"55","Matt Rhule","White"
"56","Dave Aranda","Other"
"57","Dan Hawkins","White"
"58","Chris Petersen","White"
"59","Andy Avalos","White"
"60","Tom O'Brien","White"
"61","Jeff Jagodzinski","White"
"62","Frank Spaziani","White"
"63","Steve Addazio","White"
"64","Jeff Hafley","White"
"65","Gary Blackney","White"
"66","Urban Meyer","White"
"67","Gregg Brandon","White"
"68","Dave Clawson","White"
"69","Dino Babers","Black"
"70","Mike Jinks","Black"
"71","Scot Loeffler","White"
"72","Craig Cirbus","White"
"73","Jim Hofher","White"
"74","Turner Gill","Black"
"75","Jeff Quinn","White"
"76","Lance Leipold","White"
"77","Maurice Linguist","Black"
"78","LaVell Edwards","White"
"79","Gary Crowton","White"
"80","Bronco Mendenhall","White"
"81","Kalani Sitake","Other"
"82","Tom Holmoe","White"
"83","Jeff Tedford","White"
"84","Sonny Dykes","White"
"85","Justin Wilcox","White"
"86","Mike DeBord","White"
"87","Brian Kelly","White"
"88","Dan Enos","White"
"89","John Bonamego","White"
"90","Jim McElwain","White"
"91","Brad Lambert","White"
"92","Will Healy","White"
"93","Rick Minter","White"
"94","Mark Dantonio","White"
"95","Luke Fickell","White"
"96","Tommy Bowden","White"
"97","Dabo Swinney","White"
"98","Joe Moglia","White"
"99","Jamey Chadwell","White"
"100","Gary Barnett","White"
"101","Jon Embree","Black"
"102","Mike MacIntyre","White"
"103","Mel Tucker","Black"
"104","Karl Dorrell","Black"
"105","Sonny Lubick","White"
"106","Steve Fairchild","White"
"107","Mike Bobo","White"
"108","Carl Franks","White"
"109","Ted Roof","White"
"110","David Cutcliffe","White"
"111","Steve Logan","White"
"112","John Thompson","White"
"113","Skip Holtz","White"
"114","Ruffin McNeill","Black"
"115","Scottie Montgomery","Black"
"116","Mike Houston","White"
"117","Jeff Woodruff","White"
"118","Jeff Genyk","White"
"119","Ron English","Black"
"120","Chris Creighton","White"
"121","Howard Schnellenberger","White"
"122","Carl Pelini","White"
"123","Charlie Partridge","White"
"124","Lane Kiffin","White"
"125","Willie Taggart","Black"
"126","Don Strock","White"
"127","Mario Cristobal","Other"
"128","Ron Turner","White"
"129","Butch Davis","White"
"130","Steve Spurrier","White"
"131","Ron Zook","White"
"132","Will Muschamp","White"
"133","Dan Mullen","White"
"134","Bobby Bowden","White"
"135","Jimbo Fisher","White"
"136","Mike Norvell","White"
"137","Pat Hill","White"
"138","Tim DeRuyter","White"
"139","Kalen DeBoer","White"
"140","Jim Donnan","White"
"141","Mark Richt","White"
"142","Kirby Smart","White"
"143","Willie Fritz","White"
"144","Tyson Summers","White"
"145","Chad Lunsford","White"
"146","Trent Miles","Black"
"147","Shawn Elliott","White"
"148","George O'Leary","White"
"149","Chan Gailey","White"
"150","Paul Johnson","White"
"151","Geoff Collins","White"
"152","June Jones","White"
"153","Greg McMackin","White"
"154","Norm Chow","Other"
"155","Nick Rolovich","White"
"156","Dana Dimel","White"
"157","Tony Levine","White"
"158","Tom Herman","White"
"159","Major Applewhite","White"
"160","Dana Holgorsen","White"
"161","Tim Beckman","White"
"162","Bill Cubit","White"
"163","Lovie Smith","Black"
"164","Cam Cameron","White"
"165","Gerry DiNardo","White"
"166","Terry Hoeppner","White"
"167","Kevin Wilson","White"
"168","Tom Allen","White"
"169","Kirk Ferentz","White"
"170","Dan McCarney","White"
"171","Paul Rhoads","White"
"172","Matt Campbell","White"
"173","Terry Allen","White"
"174","Mark Mangino","White"
"175","Charlie Weis","White"
"176","David Beaty","White"
"177","Les Miles","White"
"178","Bill Snyder","White"
"179","Ron Prince","Black"
"180","Chris Klieman","White"
"181","Dean Pees","White"
"182","Doug Martin","White"
"183","Darrell Hazell","Black"
"184","Paul Haynes","Black"
"185","Sean Lewis","White"
"186","Hal Mumme","White"
"187","Rich Brooks","White"
"188","Joker Phillips","Black"
"189","Mark Stoops","White"
"190","Jerry Baldwin","Black"
"191","Rickey Bustle","White"
"192","Mark Hudspeth","White"
"193","Billy Napier","White"
"194","Bobby Keasler","White"
"195","Charlie Weatherbie","White"
"196","Matt Viator","White"
"197","Jack Bicknell Jr.","White"
"198","Derek Dooley","White"
"199","Steve Kragthorpe","White"
"200","Charlie Strong","Black"
"201","Ed Orgeron","White"
"202","Bob Pruett","White"
"203","Mark Snyder","White"
"204","Doc Holliday","White"
"205","Charles Huff","Black"
"206","Ron Vanderlinden","White"
"207","Ralph Friedgen","White"
"208","Randy Edsall","White"
"209","D.J. Durkin","White"
"210","Matt Canada","White"
"211","Mike Locksley","Black"
"212","Charley Molnar","?"
"213","Mark Whipple","White"
"214","Walt Bell","White"
"215","Rip Scherer","White"
"216","Tommy West","White"
"217","Larry Porter","Black"
"218","Justin Fuente","White"
"219","Ryan Silverfield","White"
"220","Larry Coker","White"
"221","Randy Shannon","Black"
"222","Al Golden","White"
"223","Manny Diaz","Other"
"224","Shane Montgomery","White"
"225","Michael Haywood","Black"
"226","Don Treadwell","White"
"227","Chuck Martin","White"
"228","Lloyd Carr","White"
"229","Jim Harbaugh","White"
"230","Bobby Williams","Black"
"231","Andy McCollum","White"
"232","Rick Stockstill","White"
"233","Glen Mason","White"
"234","Tim Brewster","White"
"235","Jerry Kill","White"
"236","Tracy Claeys","White"
"237","P.J. Fleck","White"
"238","Jackie Sherrill","White"
"239","Sylvester Croom","Black"
"240","Joe Moorhead","White"
"241","Mike Leach","White"
"242","Larry Smith","White"
"243","Gary Pinkel","White"
"244","Barry Odom","White"
"245","Ken Niumatalolo","Other"
"246","Chuck Amato","White"
"247","Dave Doeren","White"
"248","Frank Solich","White"
"249","Bill Callahan","White"
"250","Bo Pelini","White"
"251","Mike Riley","White"
"252","Scott Frost","White"
"253","Chris Tormey","White"
"254","Chris Ault","White"
"255","Brian Polian","White"
"256","Jay Norvell","Black"
"257","Rocky Long","White"
"258","Bob Davie","White"
"259","Danny Gonzales","White"
"260","Tony Samuel","Black"
"261","DeWayne Walker","Black"
"262","Carl Torbush","White"
"263","John Bunting","White"
"264","Everett Withers","Black"
"265","Larry Fedora","White"
"266","Mack Brown","White"
"267","Darrell Dickey","White"
"268","Todd Dodge","White"
"269","Seth Littrell","White"
"270","Joe Novak","White"
"271","Rod Carey","White"
"272","Thomas Hammock","Black"
"273","Randy Walker","White"
"274","Pat Fitzgerald","White"
"275","Tyrone Willingham","Black"
"276","Brian Knorr","White"
"277","Tim Albin","White"
"278","John Cooper","White"
"279","Jim Tressel","White"
"280","Ryan Day","White"
"281","Bob Stoops","White"
"282","Lincoln Riley","White"
"283","Bob Simmons","Black"
"284","Mike Gundy","White"
"285","Bobby Wilder","White"
"286","Ricky Rahne","White"
"287","Matt Luke","White"
"288","Mike Bellotti","White"
"289","Chip Kelly","White"
"290","Mark Helfrich","White"
"291","Gary Andersen","White"
"292","Jonathan Smith","White"
"293","Joe Paterno","White"
"294","Bill O'Brien","White"
"295","James Franklin","Black"
"296","Walt Harris","White"
"297","Dave Wannstedt","White"
"298","Paul Chryst","White"
"299","Pat Narduzzi","White"
"300","Joe Tiller","White"
"301","Danny Hope","White"
"302","Jeff Brohm","White"
"303","Ken Hatfield","White"
"304","David Bailiff","White"
"305","Mike Bloomgren","White"
"306","Terry Shea","White"
"307","Greg Schiano","White"
"308","Kyle Flood","White"
"309","Chris Ash","White"
"310","Ted Tollner","White"
"311","Tom Craft","White"
"312","Chuck Long","White"
"313","Dave Baldwin","White"
"314","Fitz Hill","Black"
"315","Ron Caragher","White"
"316","Brent Brennan","White"
"317","Mike Cavan","White"
"318","Phil Bennett","White"
"319","Joey Jones","White"
"320","Steve Campbell","White"
"321","Kane Wommack","White"
"322","Lou Holtz","White"
"323","Shane Beamer","White"
"324","Jeff Scott","White"
"325","Jeff Bower","White"
"326","Ellis Johnson","White"
"327","Todd Monken","White"
"328","Jay Hopson","White"
"329","Will Hall","White"
"330","Buddy Teevens","White"
"331","David Shaw","Black"
"332","Paul Pasqualoni","White"
"333","Greg Robinson","White"
"334","Doug Marrone","White"
"335","Scott Shafer","White"
"336","Gary Patterson","White"
"337","Bobby Wallace","White"
"338","Phillip Fulmer","White"
"339","Jeremy Pruitt","White"
"340","Josh Heupel","White"
"341","Steve Sarkisian","White"
"342","R.C. Slocum","White"
"343","Mike Sherman","White"
"344","Jake Spavital","White"
"345","Kliff Kingsbury","White"
"346","Matt Wells","White"
"347","Tom Amstutz","White"
"348","Jason Candle","White"
"349","Larry Blakeney","White"
"350","Neal Brown","White"
"351","Chip Lindsey","White"
"352","Chris Scelfo","White"
"353","Bob Toledo","White"
"354","Curtis Johnson","Black"
"355","Keith Burns","White"
"356","Bill Blankenship","White"
"357","Philip Montgomery","White"
"358","Watson Brown","White"
"359","Neil Callaway","White"
"360","Garrick McGee","Black"
"361","Bill Clark","White"
"362","Mike Kruczek","White"
"363","Rick Neuheisel","White"
"364","Jim L. Mora","White"
"365","Bob Diaco","White"
"366","John Robinson","White"
"367","Mike Sanford Sr.","White"
"368","Bobby Hauck","White"
"369","Tony Sanchez","Other"
"370","Marcus Arroyo","White"
"371","Paul Hackett","White"
"372","Pete Carroll","White"
"373","Clay Helton","White"
"374","Jim Leavitt","White"
"375","Ron McBride","White"
"376","Kyle Whittingham","White"
"377","Mick Dennehy","White"
"378","Brent Guy","White"
"379","Gary Nord","White"
"380","Mike Price","White"
"381","Sean Kugler","White"
"382","Frank Wilson","Black"
"383","Jeff Traylor","White"
"384","Woody Widenhofer","White"
"385","Bobby Johnson","White"
"386","Robbie Caldwell","White"
"387","Derek Mason","Black"
"388","Clark Lea","White"
"389","George Welsh","White"
"390","Al Groh","White"
"391","Mike London","Black"
"392","Frank Beamer","White"
"393","Jim Caldwell","Black"
"394","Keith Gilbertson","White"
"395","Jimmy Lake","Black"
"396","Bill Doba","White"
"397","Paul Wulff","White"
"398","Don Nehlen","White"
"399","Bill Stewart","White"
"400","David Elson","White"
"401","Mike Sanford Jr.","White"
"402","Tyson Helton","White"
"403","Gary Darnell","White"
"404","Tim Lester","White"
"405","Barry Alvarez","White"
"406","Vic Koenning","White"
"407","Joe Glenn","White"
"408","Dave Christensen","White"
"409","Craig Bohl","White"
"410","Richard Bell","White"
"411","John Rudzinski","White"
"412","Joe Palmisano","White"
"413","Joe Tresey","White"
"414","Jim Fleming","White"
"415","Curt Mallory","White"
"416","Kevin Cosgrove","White"
"417","Matt Feeney","White"
"418","Joe Kines","White"
"419","Tosh Lupoi","White"
"420","Pete Golding","White"
"421","Charles Kelly","White"
"422","Nate Woody","White"
"423","Scot Sloan","White"
"424","Bryan Brown","Black"
"425","Dale Jones","White"
"426","Duane Akina","White"
"427","Larry Mac Duff","White"
"428","Greg Brown","White"
"429","Tim Kish","White"
"430","Jeff Casteel","White"
"431","Marcel Yates","Black"
"432","Don Brown","White"
"433","Phil Snow","White"
"434","Bill Miller","White"
"435","Craig Bray","White"
"436","Paul Randolph","Black"
"437","Ron West","White"
"438","Chris Ball","White"
"439","Keith Patterson","White"
"440","Marvin Lewis","Black"
"441","Bobby Allen","White"
"442","Dave Wommack","White"
"443","Reggie Herring","White"
"444","Willy Robinson","White"
"445","Robb Smith","White"
"446","John Chavis","White"
"447","Leon Burtnett","White"
"448","Jack Curtis","White"
"449","Kevin Corless","White"
"450","Joe Cauthen","White"
"451","David Duggan","White"
"452","Dennis Therrell","White"
"453","John Mumford","White"
"454","Chris Smeland","White"
"455","Payam Saadat","White"
"456","Jay Bateman","White"
"457","John Loose","White"
"458","Greg Gasparato","White"
"459","Shiel Wood","White"
"460","John Lovett","White"
"461","David Gibbs","White"
"462","Brian VanGorder","White"
"463","Charlie Harbison","Black"
"464","Bob Bartolomeo","White"
"465","Mark Smith","White"
"466","Doug Graber","White"
"467","Jay Hood","White"
"468","Kevin Kelly","White"
"469","Tim Daoust","White"
"470","Tyler Stockton","Black"
"471","Brick Haley","Black"
"472","Bob Trott","White"
"473","Bill Bradley","White"
"474","Larry Hoefer","White"
"475","Brian Norwood","Black"
"476","Ron Roberts","White"
"477","Bob Gregory","White"
"478","Ron Collins","White"
"479","Pete Kwiatkowski","White"
"480","Jeff Schmedding","White"
"481","Spencer Danielson","White"
"482","Kane Ioane","White"
"483","Bill McGovern","White"
"484","Jim Reid","White"
"485","Anthony Campanile","White"
"486","Tem Lukabu","Black"
"487","Mike Ward","White"
"488","Mike Elko","White"
"489","Shannon Morrison","Black"
"490","Kim McCloud","Black"
"491","Brian Ward","White"
"492","Marcus White","Black"
"493","Perry Eliano","Black"
"494","Eric Lewis","Black"
"495","Joe Reich","White"
"496","Thurmond Moore","Black"
"497","Tom Jones","White"
"498","Jimmy Williams","Black"
"499","Fred Reed","Black"
"500","William Inge","Black"
"501","Lou Tepper","White"
"502","Brian Borland","White"
"503","Chris Simpson","Black"
"504","Ken Schmidt","White"
"505","Jaime Hill","Black"
"506","Nick Howell","White"
"507","Ilaisa Tuiaki","Black"
"508","Lyle Setencich","White"
"509","Clancy Pendergast","White"
"510","Andy Buh","White"
"511","Art Kaufman","White"
"512","Peter Sirmon","White"
"513","John Milligan","White"
"514","Bart Bartolomeo","White"
"515","John Jancek","White"
"516","Mike Elston","White"
"517","Tim Banks","Black"
"518","Joe Tumpkin","Black"
"519","Greg Colby","White"
"520","Robb Akey","White"
"521","Matt Wallerstedt","White"
"522","Chip West","Black"
"523","Glenn Spencer","White"
"524","Brandon Cooper","Black"
"525","Marcus West","Black"
"526","Rick Smith","White"
"527","A.J. Christoff","White"
"528","Mark Criner","White"
"529","Mike Kolakowski","White"
"530","Hank Hughes","White"
"531","Robert Prunty","Black"
"532","Steve Clinkscale","Black"
"533","Marcus Freeman","Black"
"534","Mike Tressel","White"
"535","Brent Venables","White"
"536","Marion Hobby","Black"
"537","Mickey Matthews","White"
"538","Marvin Sanders","Black"
"539","Chad Staggs","White"
"540","Tom McMahon","White"
"541","Vince Okruch","White"
"542","Mike Hankwitz","White"
"543","Kent Baer","White"
"544","D.J. Eliot","White"
"545","Chris Wilson","Black"
"546","Larry Kerr","White"
"547","Steve Stanard","White"
"548","Al Simmons","Black"
"549","Marty English","White"
"550","Chuck Heater","White"
"551","Jerry Azzinaro","White"
"552","Scott Brown","White"
"553","Jim Knowles","White"
"554","Ben Albert","Black"
"555","Matt Guerrieri","White"
"556","Tim Rose","White"
"557","Greg Hudson","White"
"558","Brian Mitchell","Black"
"559","Kenwick Thompson","Black"
"560","David Blackwell","White"
"561","Blake Harrell","White"
"562","Billy Harris","White"
"563","Jay Peterson","Black"
"564","Brad McCaslin","White"
"565","Neal Neathery","White"
"566","Kirk Hoza","White"
"567","Kurt Van Valkenburgh","White"
"568","Pete Rekstis","White"
"569","Roc Bellantoni","White"
"570","Chris Kiffin","White"
"571","Tony Pecoraro","White"
"572","Bernard Clark","Black"
"573","Kevin Fouquier","White"
"574","Phil Galiano","White"
"575","Todd Orlando","White"
"576","Josh Conklin","White"
"577","Matt House","White"
"578","Ron Cooper","Black"
"579","Jeff Copp","White"
"580","Jerod Kruse","White"
"581","Jon Hoke","White"
"582","Greg Mattison","White"
"583","Teryl Austin","Black"
"584","Dan Quinn","White"
"585","Chris Rumph","Black"
"586","Todd Grantham","White"
"587","Mickey Andrews","White"
"588","Harlon Barnett","Black"
"589","Adam Fuller","White"
"590","Kevin Coyle","White"
"591","Dan Brown","White"
"592","Randy Stewart","White"
"593","Nick Toth","White"
"594","Lorenzo Ward","Black"
"595","Orlondo Steinauer","Black"
"596","Bert Watts","White"
"597","Gary Gibbs","White"
"598","Willie Martinez","White"
"599","Dan Lanning","White"
"600","Glenn Schumann","White"
"601","Lorenzo Costantini","White"
"602","Jesse Minter","White"
"603","Nate Fuqua","White"
"604","Jon Tenuta","White"
"605","Andrew Thacker","White"
"606","Nathan Burton","White"
"607","Kevin Lempa","White"
"608","George Lumpkin","White"
"609","Jerry Glanville","White"
"610","Cal Lee","White"
"611","Thom Kaumeyer","White"
"612","Kevin Clune","White"
"613","Tom Mason","White"
"614","Legi Suiaunoa","Other"
"615","Corey Batoon","White"
"616","Jacob Yoro","Other"
"617","Victor Santa Cruz","Other"
"618","Dick Bumpas","White"
"619","Bradley Dale Peveto","White"
"620","Ron Harris","White"
"621","Alan Weddell","White"
"622","John Skladany","White"
"623","Brian Stewart","Black"
"624","Jamie Bryant","White"
"625","Craig Naivar","White"
"626","Clay Jennings","Black"
"627","Mark D'Onofrio","White"
"628","Doug Belk","Black"
"629","Mike Cassity","White"
"630","Mike Mallory","White"
"631","Dan Disch","White"
"632","Mike Phair","White"
"633","Hardy Nickerson","Black"
"634","Ryan Walters","Black"
"635","James Bell","Black"
"636","Joe Cullen","White"
"637","Brian George","White"
"638","Joe Palcic","White"
"639","Doug Mallory","White"
"640","Mike Ekeler","White"
"641","Mark Hagen","White"
"642","Kevin Peoples","White"
"643","Charlton Warren","Black"
"644","Norm Parker","White"
"645","Phil Parker","White"
"646","Wayne Bolt","White"
"647","Wally Burnham","White"
"648","Jon Heacock","White"
"649","Ardell Wiegandt","White"
"650","Tom Hayes","White"
"651","Bill Young","White"
"652","Clint Bowen","White"
"653","Buddy Wyatt","Black"
"654","Vic Shealy","White"
"655","Dave Campo","White"
"656","Kenny Perry","White"
"657","Bob Elliott","White"
"658","Raheem Morris","Black"
"659","Tim Tibesar","White"
"660","Chris Cosh","White"
"661","Blake Seiler","White"
"662","Scottie Hazelton","White"
"663","Joe Klanderman","White"
"664","Mike Dietzel","White"
"665","Ben Needham","White"
"666","Jeff Burrow","Black"
"667","Tom Kaufman","White"
"668","Mike Major","White"
"669","John Goodner","White"
"670","Mike Archer","White"
"671","Steve Brown","Black"
"672","Brad White","White"
"673","Jon Sumrall","White"
"674","Robert Wimberly","Black"
"675","Vantz Singletary","Black"
"676","Scott Symons","White"
"677","Tony Tademy","Black"
"678","Brent Pry","White"
"679","Greg Stewart","White"
"680","James Willis","Black"
"681","Melvin Smith","Black"
"682","Mike Lucas","White"
"683","Patrick Toney","White"
"684","Mike Collins","White"
"685","Kim Dameron","White"
"686","Manny Michel","White"
"687","Phil Elmassian","White"
"688","Troy Reffett","White"
"689","Adam Waugh","White"
"690","Scott Stoker","White"
"691","Tom Masella","White"
"692","Randy Bates","White"
"693","George Darlington","White"
"694","Tommy Spangler","White"
"695","Blake Baker","White"
"696","Mike Gillhamer","White"
"697","Kevin Wolthausen","White"
"698","Vance Bedford","Black"
"699","Cort Dennison","White"
"700","Daronte Jones","Black"
"701","Bill Wilt","White"
"702","Jim Collins","White"
"703","Steve Dunlap","White"
"704","Chris Rippon","White"
"705","J.C. Price","White"
"706","Lance Guidry","White"
"707","Wally Ake","White"
"708","Todd Bradford","White"
"709","Keith Dudzinski","White"
"710","Jimmy Brumbaugh","Black"
"711","Brian Williams","Black"
"712","Ed Pinkham","White"
"713","Aazaar Abdul-Rahim","Black"
"714","Tommy Restivo","White"
"715","Rick Whitt","White"
"716","Joe Lee Dunn","White"
"717","Rick Kravitz","White"
"718","Tim Walton","Black"
"719","Kenny Ingram","Black"
"720","Galen Scott","Black"
"721","Ephraim Banda","White"
"722","Jon Wauford","White"
"723","Taver Johnson","Black"
"724","Carl Reese","White"
"725","Matt Pawlowski","White"
"726","John Hauser","White"
"727","Spence Nowinsky","White"
"728","Jim Herrmann","White"
"729","Mike Macdonald","White"
"730","Miles Aldridge","White"
"731","Steve Davis","White"
"732","Randall McCray","White"
"733","Steve Ellis","Black"
"734","Tyrone Nix","Black"
"735","Moe Ankney","White"
"736","David Lockwood","Black"
"737","Ronnie Lee","Black"
"738","Jay Sawvel","White"
"739","Joe Rossi","White"
"740","Joe Harasymiak","White"
"741","Bob Shoop","White"
"742","Zach Arnett","White"
"743","Matt Eberflus","White"
"744","Dave Steckel","White"
"745","DeMontie Cross","Black"
"746","Steve Wilks","Black"
"747","Buddy Green","White"
"748","Dale Pehrson","White"
"749","Brian Newberry","White"
"750","Dave Huxtable","White"
"751","Tony Gibson","White"
"752","John Papuchis","White"
"753","Mark Banker","White"
"754","Erik Chinander","White"
"755","Jeff Mills","White"
"756","Barry Sacks","White"
"757","Dave Fipp","White"
"758","Ken Wilson","White"
"759","Nigel Burton","Black"
"760","Mike Bradeson","White"
"761","Bill Teerlinck","White"
"762","Scott Boone","White"
"763","Osia Lewis","Black"
"764","Jordan Peterson","White"
"765","Ross Els","White"
"766","Dale Lindsey","White"
"767","Larry Coyer","White"
"768","Zane Vance","White"
"769","Ken Browning","White"
"770","John Gutekunst","White"
"771","Chuck Pagano","White"
"772","Tommy Thigpen","Black"
"773","Gary DeLoach","White"
"774","Kenny Evans","White"
"775","Fred Bleil","White"
"776","Ron Mendoza","White"
"777","Jon Skladany","White"
"778","Denny Doornbos","White"
"779","Jay Niemann","White"
"780","Kevin Kane","White"
"781","Jeff Knowles","White"
"782","Jerry Brown","White"
"783","Jim O'Neil","White"
"784","Corwin Brown","Black"
"785","Kerry Cooks","Black"
"786","Jim Burrow","White"
"787","Pete Germano","White"
"788","Jim Heacock","White"
"789","Alex Grinch","White"
"790","Kerry Coombs","White"
"791","Bill Clay","White"
"792","Rich Nagy","White"
"793","Grady Brown","Black"
"794","Don Lindsey","White"
"795","Chuck Driesbach","White"
"796","Wesley McGriff","Black"
"797","Jason Jones","Black"
"798","Chris Partridge","White"
"799","Nick Aliotti","White"
"800","Don Pellum","Black"
"801","Joe Salave'a","Other"
"802","Keith Heyward","Black"
"803","Tom Bradley","White"
"804","John Butler","White"
"805","Anthony Poindexter","Black"
"806","Brock Spack","White"
"807","Donn Landholm","White"
"808","Gary Emanuel","Black"
"809","Nick Holt","White"
"810","Roger Hinshaw","White"
"811","Chris Thurmond","White"
"812","Brian Smith","White"
"813","Dennis Creehan","White"
"814","Paul Ferraro","White"
"815","Bob Fraser","White"
"816","Dave Cohen","White"
"817","Bill Busch","White"
"818","Noah Joseph","White"
"819","Ken Delgado","?"
"820","Kurt Mattix","White"
"821","Paul Arslanian","White"
"822","Chris Wilkerson","White"
"823","Tom Williams","Black"
"824","Derrick Odum","Black"
"825","Eric Schumann","White"
"826","Jim Gush","White"
"827","Van Malone","Black"
"828","Kevin Sherrer","White"
"829","Travis Pearson","Black"
"830","Brian Turner","White"
"831","Travaris Robinson","Black"
"832","Clayton White","Black"
"833","Derek Nicholson","Black"
"834","Austin Armstrong","White"
"835","Ron Lynn","White"
"836","Vic Fangio","White"
"837","Jason Tarver","White"
"838","Lance Anderson","White"
"839","Steve Russ","White"
"840","Derrick Jackson","Black"
"841","Chuck Bullough","White"
"842","Tony White","Black"
"843","Chad Glasgow","White"
"844","Raymond Monica","White"
"845","Monte Kiffin","White"
"846","Sal Sunseri","White"
"847","Derrick Ansley","Black"
"848","Coleman Hutzler","White"
"849","Jeff Choate","White"
"850","Archie McDaniel","Black"
"851","Zac Spavital","White"
"852","Mike Smith","White"
"853","Lou West","Black"
"854","Paul Nichols","White"
"855","Tom Matukewicz","White"
"856","Vince Kehres","White"
"857","Jeremy Rowell","White"
"858","Ricky Logo","Other"
"859","Mike Pelton","Black"
"860","Brandon Hall","White"
"861","Pete McGinnis","White"
"862","O'Neill Gilbert","Black"
"863","Lionel Washington","Black"
"864","Jason Rollins","Black"
"865","Chris Hampton","Black"
"866","Jeff McInerney","White"
"867","Mark Nelson","White"
"868","Joseph Gillespie","White"
"869","Rick Christophel","White"
"870","Reggie Johnson","Black"
"871","Duwan Walker","Black"
"872","David Reeves","White"
"873","Bill D'Ottavio","White"
"874","Lance Thompson","White"
"875","Chuck Bresnahan","White"
"876","Travis Williams","Black"
"877","Bobby Field","White"
"878","Lou Spanos","White"
"879","Jeff Ulbrich","White"
"880","Mike Toop","White"
"881","Kent Briggs","White"
"882","Vincent Brown","Black"
"883","Billy Crocker","White"
"884","Zac Alley","White"
"885","Kurt Barber","Black"
"886","Kraig Paulson","White"
"887","J.D. Williams","Black"
"888","Tim Hauck","White"
"889","Tim Skipper","Black"
"890","Peter Hansen","White"
"891","Rocky Seto","Other"
"892","Raymond Woodie","Black"
"893","Brian Jean-Mary","Black"
"894","John Pease","White"
"895","Morgan Scalley","White"
"896","David Kotulski","White"
"897","Mark Johnson","White"
"898","Frank Maile","Other"
"899","Kendrick Shaver","Black"
"900","Justin Ena","White"
"901","Stacy Collins","White"
"902","Bob Wagner","White"
"903","Tim Hundley","White"
"904","Andre Patterson","Black"
"905","Mike Cox","White"
"906","Jess Loepp","White"
"907","Rod Wright","Black"
"908","Herb Paterra","White"
"909","Bruce Fowler","White"
"910","Rick Lantz","White"
"911","Kelly Poppinga","White"
"912","Bud Foster","White"
"913","Justin Hamilton","White"
"914","Theo Lemon","Black"
"915","Tony Pierce","Black"
"916","Dean Hood","White"
"917","Tim Billings","White"
"918","Lyle Hemphill","White"
"919","Ed Donatell","White"
"920","Ikaika Malloe","Other"
"921","Jody Sears","White"
"922","Mike Breske","White"
"923","Darcel McBath","Black"
"924","Jake Dickert","White"
"925","Joe DeForest","White"
"926","Jordan Lesley","White"
"927","ShaDon Brown","Black"
"928","Maurice Crum Jr.","Black"
"929","J.C. Harper","White"
"930","Steve Morrison","White"
"931","Lou Esposito","White"
"932","Jim Leonhard","White"
"933","Chuck Petersen","White"
"934","Clay Hendrix","White"
"935","Tim Horton","White"
"936","Blane Morgan","White"
"937","Mike Thiessen","White"
"938","Paul Winters","Black"
"939","Jim Pry","White"
"940","John Latina","White"
"941","A.J. Milwee","White"
"942","Tommy Zagorski","White"
"943","Bryan Gasser","White"
"944","Charlie Stubbs","White"
"945","Les Koenning","White"
"946","David Rader","White"
"947","Joe Pendry","White"
"948","Doug Nussmeier","White"
"949","Brian Daboll","White"
"950","Josh Gattis","Black"
"951","Dwayne Ledford","White"
"952","Frank Ponce","White"
"953","Tony Petersen","White"
"954","Rick Dykes","White"
"955","Mike Deal","?"
"956","Mike Canales","White"
"957","Bill Bedenbaugh","White"
"958","Calvin Magee","Black"
"959","Rod Smith","White"
"960","Noel Mazzone","White"
"961","Brennan Carroll","White"
"962","John Pettas","White"
"963","Roy Wittke","White"
"964","Rich Olson","White"
"965","Rob Likens","White"
"966","Zak Hill","White"
"967","David Lee","White"
"968","Paul Petrino","White"
"969","Jim Chaney","White"
"970","Joe Craddock","White"
"971","Kendal Briles","White"
"972","Randy Fichtner","White"
"973","Phil Davis","White"
"974","Doug Ruse","White"
"975","Rhett Lashlee","White"
"976","Bush Hamdan","Other"
"977","Glen Elarbee","White"
"978","Buster Faulkner","White"
"979","Keith Heckendorf","White"
"980","John Bond","White"
"981","Kevin Ross","Black"
"982","Tim Walsh","White"
"983","Ian Shields","White"
"984","Brent Davis","White"
"985","Hugh Nall","White"
"986","Al Borges","White"
"987","Steve Ensminger","White"
"988","Tony Franklin","White"
"989","Dameyune Craig","Black"
"990","Kodi Burns","Black"
"991","Kenny Dillingham","White"
"992","Ted Huber","White"
"993","Rich Spisak","White"
"994","Ed Stults","White"
"995","Eddie Faulkner","Black"
"996","Rich Skrosky","White"
"997","Joey Lynch","White"
"998","Kevin Lynch","White"
"999","Greg Meyer","White"
"1000","Brent Pease","White"
"1001","Lee Hays","White"
"1002","Randy Clements","White"
"1003","Glenn Thomas","White"
"1004","Jeff Nixon","Black"
"1005","Jeff Grimes","White"
"1006","Robert Prince","Other"
"1007","Scott Huff","White"
"1008","Eric Kiesau","White"
"1009","Tim Plough","White"
"1010","Dana Bible","White"
"1011","Gary Tranquill","White"
"1012","Kevin Rogers","White"
"1013","Todd Fitch","White"
"1014","Mike Bajakian","White"
"1015","Frank Cignetti Jr.","White"
"1016","Tom Lichtenberg","White"
"1017","Greg Studrawa","White"
"1018","Mick McCall","White"
"1019","Warren Ruggiero","White"
"1020","Matt Mattox","White"
"1021","Sterlin Gilbert","White"
"1022","Mike Lynch","White"
"1023","Andy Padron","White"
"1024","Kevin Kilmer","White"
"1025","Terry Malone","White"
"1026","Charlie Donner","White"
"1027","Bill Lazor","White"
"1028","Roy Istvan","White"
"1029","Gerald Carr","Black"
"1030","Greg Forest","White"
"1031","Alex Wood","Black"
"1032","Andy Kotelnicki","White"
"1033","Lance Reynolds","White"
"1034","Roger French","White"
"1035","Mike Borich","White"
"1036","Robbie Bosco","White"
"1037","Robert Anae","White"
"1038","Brandon Doman","White"
"1039","Ty Detmer","White"
"1040","Aaron Roderick","White"
"1041","Steve Hagen","White"
"1042","George Cortez","White"
"1043","Mike Dunbar","White"
"1044","Jim Michalczik","White"
"1045","Andy Ludwig","White"
"1046","Beau Baldwin","White"
"1047","Bill Musgrave","White"
"1048","Mike Cummings","White"
"1049","Morris Watts","White"
"1050","Chris Ostrowsky","White"
"1051","Charlie Frye","White"
"1052","Kevin Barbay","White"
"1053","Jeff Mullen","White"
"1054","Alex Atkins","Black"
"1055","Mark Carney","White"
"1056","Joe Daniels","White"
"1057","Rusty Burns","White"
"1058","Eddie Gran","White"
"1059","Zac Taylor","White"
"1060","Mike Denbrock","White"
"1061","Brad Scott","White"
"1062","Mike O'Cain","White"
"1063","Rob Spence","White"
"1064","Tony Elliott","Black"
"1065","Newland Isaac","Black"
"1066","Willy Korn","White"
"1067","Shawn Watson","White"
"1068","Eric Bieniemy","Black"
"1069","Brian Lindgren","White"
"1070","Darrin Chiaverini","White"
"1071","Klayton Adams","White"
"1072","Jay Johnson","White"
"1073","Dan Hammerschmidt","White"
"1074","John Benton","White"
"1075","Dave Lay","White"
"1076","Greg Peterson","White"
"1077","Pat Meyer","White"
"1078","Will Friend","White"
"1079","Dave Johnson","White"
"1080","Jon Budmayr","White"
"1081","Marty Galbraith","White"
"1082","Peter Vaas","White"
"1083","Kurt Roper","White"
"1084","Zac Roper","White"
"1085","Jeff Faris","White"
"1086","Re'quan Boyette","Black"
"1087","Noah Brindise","White"
"1088","Steve Shankweiler","White"
"1089","Dave Nichol","White"
"1090","Donnie Kirkpatrick","White"
"1091","Pete Alamar","White"
"1092","Tim Salem","White"
"1093","Howard Feggins","Black"
"1094","Scott Isphording","White"
"1095","Ken Karcher","White"
"1096","Aaron Keen","White"
"1097","Darryl Jackson","Black"
"1098","Brian Wright","White"
"1099","Travis Trickett","White"
"1100","Charlie Weis Jr.","White"
"1101","Clint Trickett","White"
"1102","Drew Mehringer","White"
"1103","Greg Briner","White"
"1104","James Coley","White"
"1105","Bill Legg","White"
"1106","Tim Cramsey","White"
"1107","Ed Zaunbrecher","White"
"1108","Billy Gonzales","Other"
"1109","John Hevesy","White"
"1110","Brian Johnson","Black"
"1111","Michael Johnson","Black"
"1112","Andrew Breiner","White"
"1113","Jeff Bowden","White"
"1114","Lawrence Dawsey","Black"
"1115","Randy Sanders","White"
"1116","Dave Schramm","White"
"1117","Brian Schottenheimer","White"
"1118","David Dean","White"
"1119","Rance Gillespie","White"
"1120","Bryan Cook","White"
"1121","Bob DeBesse","White"
"1122","Luke Huard","White"
"1123","Brad Glenn","White"
"1124","Buddy Geis","White"
"1125","Patrick Nix","White"
"1126","Dave Patenaude","White"
"1127","Ron Lee","Other"
"1128","Tommy Lee","White"
"1129","Aaron Price","White"
"1130","Don Bailey","White"
"1131","G.J. Kinne","White"
"1132","Tony Hull","Black"
"1133","Bo Graham","White"
"1134","Clancy Barone","White"
"1135","Dave Warner","White"
"1136","Jason Phillips","Black"
"1137","Mike Nesbitt","White"
"1138","Doug Meacham","White"
"1139","Travis Bush","White"
"1140","Brandon Jones","Black"
"1141","Marquel Blackwell","Black"
"1142","Shannon Dawson","White"
"1143","Mike Schultz","White"
"1144","Chris Beatty","Black"
"1145","Hal Hunter","White"
"1146","Kevin Johns","White"
"1147","Greg Frey","White"
"1148","Grant Heard","Black"
"1149","Nick Sheridan","White"
"1150","Ken O'Keefe","White"
"1151","Greg Davis","White"
"1152","Brian Ferentz","White"
"1153","Steve Loney","White"
"1154","Steve Brickey","White"
"1155","Barney Cotton","White"
"1156","Robert McFarland","White"
"1157","Courtney Messingham","White"
"1158","Tom Manning","White"
"1159","Bill Salmon","White"
"1160","Nick Quartaro","White"
"1161","Ed Warinner","White"
"1162","John Reagan","White"
"1163","Brent Dearmon","White"
"1164","Ron Hudson","White"
"1165","Del Miller","White"
"1166","Dave Brock","White"
"1167","Andre Coleman","Black"
"1168","Charlie Dickey","White"
"1169","Collin Klein","White"
"1170","Mike Drake","White"
"1171","A.J. Pratt","White"
"1172","Brian Rock","White"
"1173","Andrew Sowder","White"
"1174","Darin Hinshaw","White"
"1175","Liam Coen","White"
"1176","Joe Dailey","Black"
"1177","Kent Austin","White"
"1178","Maurice Harris","Black"
"1179","Larry Edmondson","White"
"1180","Rob Christophel","White"
"1181","Troy Wingerter","White"
"1182","Jorge Munoz","White"
"1183","Rob Sale","White"
"1184","Michael Desormeaux","White"
"1185","Tim Leger","White"
"1186","Roger Carr","White"
"1187","Stan Humphries","White"
"1188","Tommy Condell","White"
"1189","Nate Kaczor","White"
"1190","Steve Farmer","White"
"1191","Matt Kubik","White"
"1192","Eman Naghavi","White"
"1193","Conroy Hines","White"
"1194","Frank Scelfo","White"
"1195","Joe Sloan","White"
"1196","Scott Linehan","White"
"1197","Chris Klenakis","White"
"1198","Lonnie Galloway","Black"
"1199","Mike Summers","White"
"1200","Jake Peetz","White"
"1201","Larry Kueck","White"
"1202","John Shannon","White"
"1203","Todd Goebbel","White"
"1204","Greg Adkins","White"
"1205","Bob Heffner","White"
"1206","Charlie Taaffe","White"
"1207","Angelo Mirando","White"
"1208","Eric Price","White"
"1209","Blake Miller","White"
"1210","Brad Cornelsen","White"
"1211","Chip Long","White"
"1212","Rob Chudzinski","White"
"1213","Dan Werner","White"
"1214","Thomas Brown","Black"
"1215","Ron Dugans","Black"
"1216","Greg Seamon","White"
"1217","John Klacik","?"
"1218","Eric Koehler","White"
"1219","George Barnett","White"
"1220","Tim Drevno","White"
"1221","Sherrone Moore","Black"
"1222","Dan Roushar","White"
"1223","Jim Bollman","White"
"1224","Brad Salem","White"
"1225","G.A. Mangus","White"
"1226","Willie Simmons","Black"
"1227","Mitch Browning","White"
"1228","Jeff Horton","White"
"1229","Matt Limegrover","White"
"1230","Kirk Ciarrocca","White"
"1231","Matt Simon","Black"
"1232","Sparky Woods","White"
"1233","Woody McCorvey","Black"
"1234","Luke Getsy","White"
"1235","Andy Hill","White"
"1236","David Yost","White"
"1237","Josh Henson","White"
"1238","Gene McKeehan","White"
"1239","Mike Vaught","White"
"1240","Ivin Jasper","Black"
"1241","Marc Trestman","White"
"1242","Des Kitchings","Black"
"1243","George McDonald","Black"
"1244","Tim Beck","White"
"1245","Danny Langsdorf","White"
"1246","Troy Walters","Black"
"1247","Matt Lubick","White"
"1248","Phil Earley","White"
"1249","Matt Mumme","White"
"1250","Dan Dodd","White"
"1251","Mike Degory","White"
"1252","David Reaves","White"
"1253","Derek Warehime","White"
"1254","Gerry Gdowski","White"
"1255","Gary Goff","White"
"1256","Timm Rosenbach","White"
"1257","Jerry McManus","White"
"1258","John Shoop","White"
"1259","Chris Kapilovic","White"
"1260","Gunter Brewer","White"
"1261","Phil Longo","White"
"1262","Ramon Flanigan","Black"
"1263","Todd Ford","White"
"1264","Graham Harrell","White"
"1265","Bodie Reeder","White"
"1266","Tommy Mainord","White"
"1267","Mike Bloesch","White"
"1268","Bob Cole","White"
"1269","Mike Uremovich","White"
"1270","Eric Eidsness","White"
"1271","Bill Diedrick","White"
"1272","Tommy Rees","White"
"1273","Greg Gregory","White"
"1274","Allen Rudolph","White"
"1275","Chuck Stobart","White"
"1276","Cale Gundy","White"
"1277","Trooper Taylor","Black"
"1278","Joe Wickline","White"
"1279","Mike Yurcich","White"
"1280","Sean Gleeson","White"
"1281","Brian Scott","White"
"1282","Ron Whitcomb","White"
"1283","Kirk Campbell","White"
"1284","Mike Markuson","White"
"1285","Jeff Lebby","White"
"1286","Tim Lappano","White"
"1287","John Garrett","White"
"1288","Kevin McGiven","White"
"1289","T.J. Woods","White"
"1290","Fran Ganter","White"
"1291","Galen Hall","White"
"1292","John Donovan","White"
"1293","Tyler Bowen","White"
"1294","Matt Cavanaugh","White"
"1295","Brian Brohm","White"
"1296","JaMarcus Shephard","Black"
"1297","Scott Wachenheim","White"
"1298","Billy Lynch","White"
"1299","Jerry Mack","Black"
"1300","Marques Tuiasosopo","Other"
"1301","Craig Ver Steeg","White"
"1302","John McNulty","White"
"1303","Ben McDaniels","White"
"1304","Jeff Hecklinski","White"
"1305","Steve Graf","White"
"1306","Norman Joseph","White"
"1307","Charlie Roche","White"
"1308","Barry Lunney Jr.","White"
"1309","Ken Margerum","White"
"1310","Steve Morton","White"
"1311","Tim Landis","White"
"1312","John DeFilippo","White"
"1313","Jimmie Dougherty","White"
"1314","Dan Morrison","White"
"1315","A.J. Ricker","White"
"1316","Garrett Riley","White"
"1317","Robert Matthews","White"
"1318","Bryant Vincent","White"
"1319","Richard Owens","White"
"1320","Kenny Edenfield","White"
"1321","Steve Spurrier Jr.","White"
"1322","Bryan McClendon","Black"
"1323","Marcus Satterfield","White"
"1324","Steve Buckley","White"
"1325","Scotty Walden","White"
"1326","David Kelly","Black"
"1327","Pep Hamilton","Black"
"1328","Tavita Pritchard","White"
"1329","George DeLeone","White"
"1330","Brian Pariani","White"
"1331","Brian White","White"
"1332","Nathaniel Hackett","White"
"1333","Jarrett Anderson","White"
"1334","Sonny Cumbie","White"
"1335","Curtis Luper","Black"
"1336","Charlie Fisher","White"
"1337","Willie Slater","Black"
"1338","Larry Scott","Black"
"1339","Alex Golesh","White"
"1340","Darrell Wyatt","White"
"1341","Herb Hand","White"
"1342","Nolan Cromwell","White"
"1343","Clarence McKinney","Black"
"1344","Jay Graham","Black"
"1345","Jeff Conway","White"
"1346","Adrian Mayes","Black"
"1347","Brett Elliott","White"
"1348","Jacob Peeler","White"
"1349","Eric Morris","White"
"1350","Clay McGuire","White"
"1351","Chris Hedden","White"
"1352","Mike Hallett","White"
"1353","Robert Weiner","White"
"1354","Mark Fleetwood","White"
"1355","Matt Moore","White"
"1356","Sean Reagan","White"
"1357","Ryan Pugh","White"
"1358","Luke Meadows","White"
"1359","Greg Davis Jr.","White"
"1360","Jim Gilstrap","White"
"1361","Dan Lounsbury","White"
"1362","Denver Johnson","White"
"1363","Pat Sullivan","White"
"1364","Kim Helton","White"
"1365","Brent Key","White"
"1366","Anthony Tucker","Black"
"1367","Tim Harris Jr.","Black"
"1368","Gary Bernardi","White"
"1369","Kelly Skipper","Black"
"1370","Steve Axman","White"
"1371","Tom Cable","White"
"1372","Jim Svoboda","White"
"1373","Kennedy Polamalu","Other"
"1374","Justin Frye","White"
"1375","Jerry Franks","White"
"1376","Norries Wilson","Black"
"1377","Rob Ambrose","White"
"1378","T.J. Weist","White"
"1379","Frank Verducci","White"
"1380","Frank Giufre","White"
"1381","Rob Boras","White"
"1382","Vince Alcalde","White"
"1383","Rob Phenicie","White"
"1384","Brent Myers","White"
"1385","Garin Justice","White"
"1386","Hue Jackson","Black"
"1387","John Morton","White"
"1388","Tee Martin","Black"
"1389","Mike Hobbie","White"
"1390","Darren Hiller","White"
"1391","Kerwin Bell","White"
"1392","Jim Harding","White"
"1393","Troy Taylor","White"
"1394","Mike Santiago","White"
"1395","Luke Wells","White"
"1396","Jovon Bouknight","Black"
"1397","Patrick Higgins","White"
"1398","Bob Connelly","White"
"1399","Brian Natkin","White"
"1400","Kevin Brown","White"
"1401","Jeff Kastl","White"
"1402","Steve Crosby","White"
"1403","Ted Cain","White"
"1404","Jimmy Kiser","White"
"1405","David Raih","White"
"1406","Mike Groh","White"
"1407","Bryan Stinespring","White"
"1408","Eddie Williamson","White"
"1409","Steed Lobotzke","White"
"1410","John McDonell","White"
"1411","Mike Levenseller","White"
"1412","Todd Sturdy","White"
"1413","Craig Stutzmann","Other"
"1414","Chad Scott","Black"
"1415","Gerad Parker","White"
"1416","Kevin Wright","White"
"1417","Walt Wells","White"
"1418","Zach Azzanni","White"
"1419","Junior Adams","Black"
"1420","Bryan Ellis","White"
"1421","Ryan Aplin","White"
"1422","Zach Kittley","White"
"1423","Ryan Cubit","White"
"1424","Jake Moreland","Black"
"1425","Bill Kenney","White"
"1426","Eric Evans","White"
"1427","Mike Bath","White"
"1428","Joe Rudolph","White"
"1429","Bob Cockhill","White"
"1430","Brent Vigen","White"
"1431","Tim Polasek","White"
